[
    {
        "id": "1",
        "health_slug": "harvard-pilgrim",
        "sub_cat_slug": "amgen",
        "drug_slug": "enbrel-etanercept",
        "company": "Amgen",
        "drug": "Enbrel (etanercept)",
        "health_plan": "Harvard Pilgrim",
        "therapeutic_area": "Rheumatoid Arthritis",
        "description ": "Harvard Pilgrim's payment for Enbrel will depend on six effectiveness criteria, including patient compliance, switching or adding drugs, steroid interventions, and dose escalation. If patients taking Enbrel score below a specified level in the six effectiveness criteria, Harvard Pilgrim will pay less for Enbrel, as its real life effectiveness will have been lower.",
        "year": "2017",
        "type": "Outcomes-Based Contracting",
        "source": "Harvard Pilgrim To Pay for 2 Autoimmune Drugs Based on Outcomes, Value, Managed Care, 2017"
    },
    {
        "id": "2",
        "health_slug": "harvard-pilgrim",
        "sub_cat_slug": "amgen",
        "drug_slug": "repatha-evolocumab",
        "company": "Amgen",
        "drug": "Repatha (evolocumab)",
        "health_plan": "Harvard Pilgrim ",
        "therapeutic_area": "Hypercholesterolemia",
        "description ": "Upfront discounts and future rebates given with the promise of additional rebates if the patient meets specific cholesterol targets (if they did not experience reductions in LDL cholesterol levels comparable to those observed in the drugs preapproval clinical trials), the total spending threshold, and adherence in exchange for preferred formulary placement. A full refund is provided if the patient has a heart attack or stroke.",
        "year": "2016, 2017 (full refund)",
        "type": "Outcomes-Based Contracting",
        "source": "Outcomes-Based Pharmaceutical Contracts: An Answer to High U.S. Drug Spending? Commonwealth Fund Issue Brief, September 2017"
    },
    {
        "id": "3",
        "health_slug": "cvs-health",
        "sub_cat_slug": "amgen",
        "drug_slug": "repatha-evolocumab",
        "company": "Amgen",
        "drug": "Repatha (evolocumab)",
        "health_plan": "CVS Health",
        "therapeutic_area": "Hypercholesterolemia",
        "description ": "1) CVS health will get a discount if it keeps preferring Repatha - keeping the drug under the tier-1/tier-2 formulary list. 2) The insurer will get an additional rebate if the drug fails to lower the cholesterol of patients to the degree indicated by the drugs clinical trials. The insurer will get a third rebate, if more patients are using the drug than was anticipated.",
        "year": "2015",
        "type": "Outcomes-Based Contracting",
        "source": "Developing a Path to Value-Based Payment for Medical Products; Value-Based Payment Advisory Group Kick-Off Meeting Background Paper, Duke University, 2017"
    },
    {
        "id": "4",
        "health_slug": "cigna",
        "sub_cat_slug": "amgen",
        "drug_slug": "repatha-evolocumab",
        "company": "Amgen",
        "drug": "Repatha (evolocumab)",
        "health_plan": "Cigna",
        "therapeutic_area": "Hypercholesterolemia",
        "description ": "If Cigna-insured patients who take Repatha are not able to reduce LDL cholesterol levels at least as well as what was shown in clinical trials, Amgen will further discount the cost of the drug for all patients (not just those who did not meet their cholesterol goals). If Repatha exceeds expectations in patients, the original negotiated price that Cigna pays for the drug will remain in place.",
        "year": "2016",
        "type": "Value-Based Contracting",
        "source": "Health Insurers Push to Tie Drug Prices to Outcomes, The Wall Street Journal, 2016"
    },
    {
        "id": "5",
        "health_slug": "harvard-pilgrim",
        "sub_cat_slug": "astra-zeneca",
        "drug_slug": "brilinta-ticagrelor",
        "company": "AstraZeneca",
        "drug": "Brilinta (ticagrelor)",
        "health_plan": "Harvard Pilgrim",
        "therapeutic_area": "Cardiovascular Diseases",
        "description ": "1) AstraZeneca offers to cover a certain portion of treatment costs of patients who have additional heart attacks after taking the drug Brilinta if the rate of heart attacks exceeds an agreed threshold. 2) The threshold is calculated based on Brilinta's patient outcomes data showing the degree of heart attacks reduction in patient population.",
        "year": "2014 2017",
        "type": "Value-Based Contracting",
        "source": "Developing a Path to Value-Based Payment for Medical Products; Value-Based Payment Advisory Group Kick-Off Meeting Background Paper, Duke University, 2017; Harvard Pilgrim Signs Outcomes-Based Contracts with AstraZeneca for Brilinta and Bydureon, BusinessWire (2017)"
    },
    {
        "id": "6",
        "health_slug": "harvard-pilgrim",
        "sub_cat_slug": "astra-zeneca",
        "drug_slug": "bydureon-exenatide extended-release",
        "company": "AstraZeneca",
        "drug": "Bydureon (exenatide extended-release)",
        "health_plan": "Harvard Pilgrim",
        "therapeutic_area": "Type 2 Diabetes ",
        "description ": "1) Harvard Pilgrim will measure HbA1c levels in patients and evaluate the ability of patients who adhere to Bydureon to get to a predetermined Hanc goal; 2) If Bydureon fails to meet the agreed upon outcomes criteria in patients, Harvard Pilgrim will be charged a lower amount by AstraZeneca for Bydureon. AstraZeneca and Harvard Pilgrim agree that the health plan will be charged for Bydureon based on value to the patient, not just based on volume of medicine sold.",
        "year": "2017",
        "type": "Outcomes-Based Contracting",
        "source": "The U.S. OBIC Tracker, Stisali, updated May 2017"
    },
    {
        "id": "7",
        "health_slug": "express-scripts",
        "sub_cat_slug": "astra-zeneca",
        "drug_slug": "iressa-gefitinib",
        "company": "AstraZeneca",
        "drug": "Iressa (gefitinib)",
        "health_plan": "Express Scripts",
        "therapeutic_area": "Breast and Lung Cancers",
        "description ": "1) If a patient stops treatment before the third prescription fill, AstraZeneca will fully reimburse Express Scrips for the Iressa costs of that patient. 2) This arrangement aims to encourage patient adherence, which will improve the utilization of the drug.",
        "year": "2015",
        "type": "Value-Based Contracting",
        "source": "Developing a Path to Value-Based Payment for Medical Products; Value-Based Payment Advisory Group Kick-Off Meeting Background Paper, Duke University, 2017"
    },
    {
        "id": "8",
        "health_slug": "humana",
        "sub_cat_slug": "eli-lilly",
        "drug_slug": "effient-prasugrel-tablets",
        "company": "Eli Lilly ",
        "drug": "Effient (prasugrel tablets)",
        "health_plan": "Humana",
        "therapeutic_area": "Cardiovascular Diseases ",
        "description ": "1) The basic structure is a pay-for-pill model. The payer and provider will negotiate a baseline price for each unit of Effient. 2) The drug price is adjusted by the hospitalization rate due to cardiovascular events for patients taking the drug. 3) If hospitalization rate is higher, the drug price will go down; if hospitalization rate is lower, the price will go up.",
        "year": "2014",
        "type": "Value-Based Contracting",
        "source": "Developing a Path to Value-Based Payment for Medical Products; Value-Based Payment Advisory Group Kick-Off Meeting Background Paper, Duke University, 2017"
    },
    {
        "id": "9",
        "health_slug": "harvard-pilgrim",
        "sub_cat_slug": "eli-lilly",
        "drug_slug": "forteo-teriparatide",
        "company": "Eli Lilly ",
        "drug": "Forteo (teriparatide)",
        "health_plan": "Harvard Pilgrim",
        "therapeutic_area": "Osteoporosis ",
        "description ": "This contract rewards improvement in persistence in medication use as compared to the baseline level to adherence seen in the Harvard Pilgrim population. If Harvard Pilgrim patients see a meaningful improvement to their Osteoporosis, Eli Lilly will reduce the cost of the drug for Harvard Pilgrim. ",
        "year": "2017",
        "type": "Value-Based Contracting",
        "source": "Harvard Pilgrim Signs Value-Based Contract with Eli Lilly & Company for its Osteoporosis drug, Forteo, Metro Hartford Alliance"
    },
    {
        "id": "10",
        "health_slug": "harvard-pilgrim",
        "sub_cat_slug": "eli-lilly",
        "drug_slug": "trulicity-dulaglutide",
        "company": "Eli Lilly ",
        "drug": "Trulicity (dulaglutide)",
        "health_plan": "Harvard Pilgrim",
        "therapeutic_area": "Type 2 diabetes mellitus",
        "description ": "Harvard Pilgrim will pay Eli Lilly a lower net-price for Trulicity if fewer patients taking it achieve an HbA1c value of less than 8% compared with patients taking other GLP1 receptor agonists, and a higher net-price if patients taking Trulicity have better outcomes than patients taking other competing drugs.",
        "year": "2014",
        "type": "Outcomes-Based Contracting",
        "source": "Performance-Based Risk-Sharing Arrangements for Pharmaceutical Products in the United States: A Systematic Review"
    },
    {
        "id": "11",
        "health_slug": "priority-health",
        "sub_cat_slug": "genentech",
        "drug_slug": "avastin-bevacizumab",
        "company": "Genentech",
        "drug": "Avastin (bevacizumab)",
        "health_plan": "Priority Health",
        "therapeutic_area": "Non Small Cell Lung Cancer (NSCLC)",
        "description ": "Rebates are tied to progression-free survival (PFS) (a key endpoint in the phase 3 clinical trial); the shorter the PFS in a patient taking Avastin, the greater the rebate to Priority Health. If a patient saw no progression in lung cancer while taking Avastin after 6 months of adhering to the drug regiment, Priority Health would not receive a rebate.",
        "year": "2015",
        "type": "Outcomes-Based Contracting",
        "source": "Overcoming Challenges of Outcomes-Based Contracting for Pharmaceuticals: Early Lessons from the Genentech - Priority Health Pilot, Health Affairs Blog, 2017"
    },
    {
        "id": "12",
        "health_slug": "cigna",
        "sub_cat_slug": "merck-co",
        "drug_slug": "januvia-janumet",
        "company": "Merck & Co.",
        "drug": "Januvia (sitagliptin) and Janumet (sitagliptin metformin HCL)",
        "health_plan": "Cigna",
        "therapeutic_area": "Diabetes ",
        "description ": "1) Merck will increase the discount to Cigna, if there is a higher percentage of patients showing an improvement of blood sugar values by the end of the agreement period, compared to a negotiated baseline. 2) Merck will offer further discount to Cigna if a certain percentage of Cigna members meet the benchmark for medication adherence.",
        "year": "2009",
        "type": "Value-Based Contracting",
        "source": "Developing a Path to Value-Based Payment for Medical Products; Value-Based Payment Advisory Group Kick-Off Meeting Background Paper, Duke University, 2017"
    },
    {
        "id": "13",
        "health_slug": "cigna",
        "sub_cat_slug": "merck-co",
        "drug_slug": "januvia-janumet",
        "company": "Merck & Co.",
        "drug": "Januvia (sitagliptin) and Janumet (sitagliptin metformin HCL)",
        "health_plan": "Cigna",
        "therapeutic_area": "Diabetes ",
        "description ": "Rebates are given if a specified A1 blood sugar level is not met in the patient population.  The agreement is also contingent on good adherence.",
        "year": "2009",
        "type": "Outcomes-Based Contracting",
        "source": "Outcomes-Based Pharmaceutical Contracts: An Answer to High U.S. Drug Spending? Commonwealth Fund Issue Brief, September 2017"
    },
    {
        "id": "14",
        "health_slug": "aetna",
        "sub_cat_slug": "merck-co",
        "drug_slug": "januvia-janumet",
        "company": "Merck & Co.",
        "drug": "Januvia (sitagliptin) and Janumet (sitagliptin metformin HCL)",
        "health_plan": "Aetna",
        "therapeutic_area": "Diabetes ",
        "description ": "Merck’s rebates on Januvia and Janumet will be based in part on those products’ contributions to helping Aetna’s commercial member population with type 2 diabetes achieve or maintain treatment objectives.",
        "year": "2016",
        "type": "Value-Based Contracting",
        "source": "Aetna and Merck Sign a Unique Value-Based Contract to Januvia and Janumet, Aetna Press Release, October 2016"
    },
    {
        "id": "15",
        "health_slug": "prime-therapeutics",
        "sub_cat_slug": "merck-end-serono",
        "drug_slug": "rebif",
        "company": "Merck (EMD Serono)",
        "drug": "Rebif (interferon beta-1A)",
        "health_plan": "Prime Therapeutics",
        "therapeutic_area": "Multiple Sclerosis",
        "description ": "",
        "year": "2012",
        "type": "Value-Based Contracting",
        "source": "Developing a Path to Value-Based Payment for Medical Products; Value-Based Payment Advisory Group Kick-Off Meeting Background Paper, 2017"
    },
    {
        "id": "16",
        "health_slug": "prime-therapeutics",
        "sub_cat_slug": "merck-end-serono",
        "drug_slug": "rebif",
        "company": "Merck (EMD Serono)",
        "drug": "Rebif (interferon beta-1A)",
        "health_plan": "Prime Therapeutics",
        "therapeutic_area": "Multiple Sclerosis",
        "description ": "EMD Serono will pay rebates to Prime Therapeutics on its multiple sclerosis drug, Rebif, if: 1) Patients treated with Rebif have a higher overall total cost than patients treated on a different, older multiple sclerosis drug; 2) The patient adherence rate if Rebif remains above a specified level.",
        "year": "2011",
        "type": "Outcomes-Based Contracting",
        "source": "Outcomes-Based Pharmaceutical Contracts: An Answer to High U.S. Drug Spending? Commonwealth Fund Issue Brief, September 2017"
    },
    {
        "id": "17",
        "health_slug": "aetna-cigna",
        "sub_cat_slug": "novartis",
        "drug_slug": "entresto",
        "company": "Novartis",
        "drug": "Entresto (sacubitril/valsartan)",
        "health_plan": "Aetna/ Cigna",
        "therapeutic_area": "Congestive Heart Failure",
        "description ": "Rebates are given if patients taking the drug have total costs to their plans higher than patients on a different MS drug, or if the medication adherence rate reaches a specified level.",
        "year": "2016",
        "type": "Outcomes-Based Contracting",
        "source": "Developing a Path to Value-Based Payment for Medical Products; Value-Based Payment Advisory Group Kick-Off Meeting Background Paper, Duke University, 2017"
    },
    {
        "id": "18",
        "health_slug": "aetna-cigna",
        "sub_cat_slug": "novartis",
        "drug_slug": "entresto",
        "company": "Novartis",
        "drug": "Entresto (sacubitril/valsartan)",
        "health_plan": "Aetna/ Cigna",
        "therapeutic_area": "Congestive Heart Failure",
        "description ": "1) The payer and manufacturer agree on an initial baseline rebate for Entresto payment; 2) The payer and manufacturer use heart failure hospitalization rate as a key predictor of patient outcomes; 3) If the heart failure hospitalization rate of patients using Entresto exceed a pre-specified threshold, Novartis will reduce the price of Entresto to payers; 4) Conversely, if patients experience a lower rate of heart failure hospitalization, Novartis will charge a higher price for the drug.",
        "year": "2016",
        "type": "Outcomes-Based Contracting",
        "source": "Outcomes-Based Pharmaceutical Contracts: An Answer to High U.S. Drug Spending? Commonwealth Fund Issue Brief, September 2017"
    },
    {
        "id": "19",
        "health_slug": "health-alliance",
        "sub_cat_slug": "procter-gamble-sanofi-aventis",
        "drug_slug": "risedronate-sodium",
        "company": "Procter & Gamble/ Sanofi-Aventis",
        "drug": "Risedronate sodium",
        "health_plan": "Health Alliance",
        "therapeutic_area": "Osteoporosis",
        "description ": "Novartis partnered with Aetna to provide rebates based on rate of hospitalization for those using Entresto. Additional rebate is given if the drug does not achieve the heart failure admissions reductions it achieved during clinical trials. ",
        "year": "2009",
        "type": "Value-Based Contracting",
        "source": "Developing a Path to Value-Based Payment for Medical Products; Value-Based Payment Advisory Group Kick-Off Meeting Background Paper, Duke University, 2017"
    },
    {
        "id": "20",
        "health_slug": "cigna",
        "sub_cat_slug": "sanofi-regeneron",
        "drug_slug": "praluent",
        "company": "Sanofi / Regeneron",
        "drug": "Praluent (alirocumab)",
        "health_plan": "Cigna",
        "therapeutic_area": "Hypercholesterolemia",
        "description ": "1) Proctor & Gamble and Sanofi-Aventis guarantee that Health Alliance plan beneficiaries who take Risedronate sodium will reduce their incidence of bone fracture. 2) If a patient still suffers from fracture after taking the drug (proving the drug's inefficacy), the manufacturer will reimburse the medical cost for treating the fracture.",
        "year": "2016",
        "type": "Outcomes-Based Contracting",
        "source": "Health Insurers Push to Tie Drug Prices to Outcomes, The Wall Street Journal, 2016"
    },
    {
        "id": "21",
        "health_slug": "express-scripts",
        "sub_cat_slug": "sanofi-regeneron",
        "drug_slug": "praluent",
        "company": "Sanofi / Regeneron",
        "drug": "Praluent (alirocumab)",
        "health_plan": "Express Scripts",
        "therapeutic_area": "Hypercholesterolemia",
        "description ": "If Cigna patients who take Praluent aren't able to reduce LDL cholesterol at least as well as what was shown in clinical trials, Sanofi / Regeneron will further discount the costs of the drugs for all patients (not just those who did not meet their cholesterol goals). If Praluent meets or exceeds expectations in patients, the original negotiated price will remain in place.",
        "year": "2018",
        "type": "Outcomes-Based Contracting",
        "source": "http://www.news.sanofi.us/2018-05-01-Sanofi-and-Regeneron-to-lower-net-price-of-Praluent-R-alirocumab-Injection-in-exchange-for-straightforward-more-affordable-patient-access-for-Express-Scripts-patients https://www.cnbc.com/2018/05/01/regeneron-sanofi-chop-cholesterol-drug-price-in-express-scripts-pact.html"
    },
    {
        "id": "22",
        "health_slug": "harvard-pilgrim",
        "sub_cat_slug": "spark-therapeutics",
        "drug_slug": "luxturna",
        "company": "Spark Therapeutics",
        "drug": "Luxturna (voretigene neparvovec-rzyl)",
        "health_plan": "Harvard Pilgrim",
        "therapeutic_area": "Biallelic RPE65 mutation-associated retinal dystrophy",
        "description ": "Spark Therapeutics will pay rebates to Harvard Pilgrim if patient outcomes fail to meet a specified threshold, considering both short term efficacy (30-90 days) and long-term durability (30 months). Short and long-term outcomes measures will be based on full-field light sensitivity (FST) testing scores. Since this is a one-time drug, outcomes will be determined on an individual basis. A baseline FST score will be established for each eligible patient before administration of Luxturna. If treatment fails, Harvard Pilgrim will receive a rebate from Spark Therapeutics. ",
        "year": "2018",
        "type": "Outcomes-Based Contracting",
        "source": "Outcomes-Based Contracts Offer Payers New Pharmaceutical Options,HealthPayer Intelligence, 2018; Spark Therapeutics Press Release, Jan 2018"
    }
]