[
    {
        "id": "1",
        "cat_id": "1",
        "name": "Amgen",
        "slug": "amgen"
    },
    {
        "id": "2",
        "cat_id": "1",
        "name": "Astra Zeneca",
        "slug": "astra-zeneca"
    },
    {
        "id": "3",
        "cat_id": "1",
        "name": "Eli Lilly",
        "slug": "eli-lilly"
    },
    {
        "id": "4",
        "cat_id": "1",
        "name": "Genentech",
        "slug": "genentech"
    },
    {
        "id": "5",
        "cat_id": "1",
        "name": "Merck & Co.",
        "slug": "merck-co"
    },
    {
        "id": "6",
        "cat_id": "1",
        "name": "Merck (EMD Serono)",
        "slug": "merck-end-serono"
    },
    {
        "id": "7",
        "cat_id": "1",
        "name": "Novartis",
        "slug": "novartis"
    },
    {
        "id": "8",
        "cat_id": "1",
        "name": "Procter & Gamble/ Sanofi-Aventis",
        "slug": "procter-gamble-sanofi-aventis"
    },
    {
        "id": "9",
        "cat_id": "1",
        "name": "Sanofi / Regeneron",
        "slug": "sanofi-regeneron"
    },
    {
        "id": "10",
        "cat_id": "1",
        "name": "Spark Therapeutics",
        "slug": "spark-therapeutics"
    },
    {
        "id": "11",
        "cat_id": "2",
        "name": "Enbrel (etanercept)",
        "slug": "enbrel-etanercept"
    },
    {
        "id": "12",
        "cat_id": "2",
        "name": "Repatha (evolocumab)",
        "slug": "repatha-evolocumab"
    },
    {
        "id": "13",
        "cat_id": "2",
        "name": "Brilinta (ticagrelor)",
        "slug": "brilinta-ticagrelor"
    },
    {
        "id": "14",
        "cat_id": "2",
        "name": "Bydureon (exenatide extended-release)",
        "slug": "bydureon-exenatide extended-release"
    },
    {
        "id": "15",
        "cat_id": "2",
        "name": "Iressa (gefitinib)",
        "slug": "iressa-gefitinib"
    },
    {
        "id": "16",
        "cat_id": "2",
        "name": "Effient (prasugrel tablets)",
        "slug": "effient-prasugrel-tablets"
    },
    {
        "id": "17",
        "cat_id": "2",
        "name": "Forteo (teriparatide)",
        "slug": "forteo-teriparatide"
    },
    {
        "id": "18",
        "cat_id": "2",
        "name": "Trulicity (dulaglutide)",
        "slug": "trulicity-dulaglutide"
    },
    {
        "id": "19",
        "cat_id": "2",
        "name": "Avastin (bevacizumab)",
        "slug": "avastin-bevacizumab"
    },
    {
        "id": "20",
        "cat_id": "2",
        "name": "Januvia (sitagliptin) and Janumet (sitagliptin metformin HCL)",
        "slug": "januvia-janumet"
    },
    {
        "id": "21",
        "cat_id": "2",
        "name": "Rebif (interferon beta-1a)",
        "slug": "rebif"
    },
    {
        "id": "22",
        "cat_id": "2",
        "name": "Entresto (sacubitril/valsartan)",
        "slug": "entresto"
    },
    {
        "id": "23",
        "cat_id": "2",
        "name": "Risedronate sodium",
        "slug": "risedronate-sodium"
    },
    {
        "id": "24",
        "cat_id": "2",
        "name": "Praluent (alirocumab)",
        "slug": "praluent"
    },
    {
        "id": "25",
        "cat_id": "2",
        "name": "Luxturna (voretigene neparvovec-rzyl)",
        "slug": "luxturna"
    },
    {
        "id": "26",
        "cat_id": "3",
        "name": "Harvard Pilgrim",
        "slug": "harvard-pilgrim"
    },
    {
        "id": "27",
        "cat_id": "3",
        "name": "CVS Health",
        "slug": "cvs-health"
    },
    {
        "id": "28",
        "cat_id": "3",
        "name": "Cigna",
        "slug": "cigna"
    },
    {
        "id": "29",
        "cat_id": "3",
        "name": "Express Scripts",
        "slug": "express-scripts"
    },
    {
        "id": "30",
        "cat_id": "3",
        "name": "Humana",
        "slug": "humana"
    },
    {
        "id": "31",
        "cat_id": "3",
        "name": "Priority Health",
        "slug": "priority-health"
    },
    {
        "id": "32",
        "cat_id": "3",
        "name": "Aetna",
        "slug": "aetna"
    },
    {
        "id": "33",
        "cat_id": "3",
        "name": "Prime Therapeutics",
        "slug": "prime-therapeutics"
    },
    {
        "id": "34",
        "cat_id": "3",
        "name": "Aetna/ Cigna",
        "slug": "aetna-cigna"
    },
    {
        "id": "35",
        "cat_id": "3",
        "name": "Health Alliance",
        "slug": "health-alliance"
    }
]