[{"id":"1","cat_id":"1","name":"Amgen","slug":"amgen","colour":"colour1","date":"2018-07-17 12:45:04"}, {"id":"2","cat_id":"1","name":"Astra Zeneca","slug":"astra-zeneca","colour":"colour2","date":"2018-07-17 12:49:58"}, {"id":"3","cat_id":"1","name":"Eli Lilly","slug":"eli-lilly","colour":"colour3","date":"2018-07-17 12:50:08"}, {"id":"4","cat_id":"1","name":"Genentech","slug":"genentech","colour":"colour4","date":"2018-07-17 12:50:17"}, {"id":"5","cat_id":"1","name":"Merck & Co.","slug":"merck-co","colour":"colour5","date":"2018-07-17 12:51:30"}, {"id":"6","cat_id":"1","name":"Merck (EMD Serono)","slug":"merck-emd-serono","colour":"colour6","date":"2018-07-17 12:51:42"}, {"id":"7","cat_id":"1","name":"Novartis","slug":"novartis","colour":"colour7","date":"2018-07-17 12:51:52"}, {"id":"8","cat_id":"1","name":"Procter & Gamble\/ Sanofi-Aventis","slug":"procter-gamble-sanofi-aventis","colour":"colour8","date":"2018-07-17 12:52:03"}, {"id":"9","cat_id":"1","name":"Sanofi \/ Regeneron","slug":"sanofi-regeneron","colour":"colour9","date":"2018-07-17 12:52:14"}, {"id":"10","cat_id":"1","name":"Spark Therapeutics","slug":"spark-therapeutics","colour":"colour10","date":"2018-07-17 12:52:27"}, {"id":"11","cat_id":"2","name":"Enbrel (etanercept)","slug":"enbrel-etanercept","colour":"colour1","date":"2018-07-17 12:54:31"}, {"id":"12","cat_id":"2","name":"Repatha (evolocumab)","slug":"repatha-evolocumab","colour":"colour2","date":"2018-07-17 12:54:43"}, {"id":"13","cat_id":"2","name":"Brilinta (ticagrelor)","slug":"brilinta-ticagrelor","colour":"colour3","date":"2018-07-17 12:54:58"}, {"id":"14","cat_id":"2","name":"Bydureon (exenatide extended-release)","slug":"bydureon-exenatide-extended-release","colour":"colour4","date":"2018-07-17 12:55:33"}, {"id":"15","cat_id":"2","name":"Iressa (gefitinib)","slug":"iressa-gefitinib","colour":"colour5","date":"2018-07-17 12:55:54"}, {"id":"16","cat_id":"2","name":"Effient (prasugrel tablets)","slug":"effient-prasugrel-tablets","colour":"colour6","date":"2018-07-17 12:56:18"}, {"id":"17","cat_id":"2","name":"Forteo (teriparatide)","slug":"forteo-teriparatide","colour":"colour7","date":"2018-07-17 12:57:19"}, {"id":"18","cat_id":"2","name":"Trulicity (dulaglutide)","slug":"trulicity-dulaglutide","colour":"colour8","date":"2018-07-17 12:57:41"}, {"id":"19","cat_id":"2","name":"Avastin (bevacizumab)","slug":"avastin-bevacizumab","colour":"colour9","date":"2018-07-17 12:57:56"}, {"id":"20","cat_id":"2","name":"Januvia (sitagliptin) and Janumet (sitagliptin metformin HCL)","slug":"januvia-sitagliptin-and-janumet-sitagliptin-metformin-hcl","colour":"colour10","date":"2018-07-17 12:58:10"}, {"id":"21","cat_id":"2","name":"Rebif (interferon beta-1a)","slug":"rebif-interferon-beta-1a","colour":"colour11","date":"2018-07-17 12:58:26"}, {"id":"22","cat_id":"2","name":"Entresto (sacubitril\/valsartan)","slug":"entresto-sacubitrilvalsartan","colour":"colour12","date":"2018-07-17 12:59:40"}, {"id":"23","cat_id":"2","name":"Risedronate sodium","slug":"risedronate-sodium","colour":"colour13","date":"2018-07-17 12:59:54"}, {"id":"24","cat_id":"2","name":"Praluent (alirocumab)","slug":"praluent-alirocumab","colour":"colour14","date":"2018-07-17 13:00:09"}, {"id":"25","cat_id":"2","name":"Luxturna (voretigene neparvovec-rzyl)","slug":"luxturna-voretigene-neparvovec-rzyl","colour":"colour15","date":"2018-07-17 13:00:32"}, {"id":"26","cat_id":"3","name":"Harvard Pilgrim","slug":"harvard-pilgrim","colour":"colour1","date":"2018-07-17 13:00:47"}, {"id":"27","cat_id":"3","name":"CVS Health","slug":"cvs-health","colour":"colour2","date":"2018-07-17 13:01:02"}, {"id":"28","cat_id":"3","name":"Cigna","slug":"cigna","colour":"colour3","date":"2018-07-17 13:01:20"}, {"id":"29","cat_id":"3","name":"Express Scripts","slug":"express-scripts","colour":"colour4","date":"2018-07-17 13:02:02"}, {"id":"30","cat_id":"3","name":"Humana","slug":"humana","colour":"colour5","date":"2018-07-17 13:02:15"}, {"id":"31","cat_id":"3","name":"Priority Health","slug":"priority-health","colour":"colour6","date":"2018-07-17 13:02:29"}, {"id":"32","cat_id":"3","name":"Aetna","slug":"aetna","colour":"colour7","date":"2018-07-17 13:02:42"}, {"id":"33","cat_id":"3","name":"Prime Therapeutics","slug":"prime-therapeutics","colour":"colour8","date":"2018-07-17 13:03:10"}, {"id":"34","cat_id":"3","name":"Aetna\/ Cigna","slug":"aetna-cigna","colour":"colour9","date":"2018-07-17 13:03:27"}, {"id":"35","cat_id":"3","name":"Health Alliance","slug":"health-alliance","colour":"colour10","date":"2018-07-17 13:03:40"}]